{
  "model_info": {
    "checkpoint": "checkpoints/test_4cam_seq2_vision/best_model.pth",
    "parameters": 64986114,
    "config": {
      "img_size": 224,
      "patch_size": 16,
      "d_model": 768,
      "num_heads": 1,
      "num_layers": 6,
      "max_cameras": 4,
      "max_seq_len": 2,
      "dropout": 0.1,
      "use_imu": false,
      "use_pressure": false,
      "uncertainty_estimation": true
    }
  },
  "evaluation_summary": {
    "samples_evaluated": 99,
    "evaluation_time_seconds": 50.53327536582947,
    "average_loss": 0.00031137401645537466,
    "translation_metrics": {
      "mean_error_m": 0.007038188632577658,
      "median_error_m": 0.004575278144329786,
      "rmse_m": 0.01450645737349987,
      "std_dev_m": 0.012684683315455914
    },
    "rotation_metrics": {
      "mean_error_rad": 0.0040696836076676846,
      "mean_error_deg": 0.23317569494247437,
      "median_error_rad": 0.0029265759512782097,
      "rmse_rad": 0.008555980399250984,
      "std_dev_rad": 0.007526118773967028
    },
    "accuracy_thresholds": {
      "translation_under_0.05m_percent": 97.97979797979798,
      "translation_under_0.10m_percent": 100.0,
      "rotation_under_0.05rad_percent": 98.98989898989899,
      "rotation_under_0.10rad_percent": 100.0
    }
  }
}