{
  "loss": [
    0.032911259680986404,
    0.002190861850976944,
    0.0005298825562931597,
    0.00027517660055309534,
    0.0002173444372601807,
    0.00018490295042283833,
    0.0001670000347075984,
    0.00015276260091923177,
    0.000145492929732427,
    0.00013646919978782535,
    0.00013486137322615832,
    0.00012935603444930166,
    0.00012283910473342985,
    0.0001210375630762428,
    0.00012098724255338311,
    0.00011792483564931899,
    0.00011530081974342465,
    0.00011628137872321531,
    0.00011381478543626145,
    0.00011335578165017068,
    0.00011137813999084756,
    0.00011132714280392975,
    0.00011031572648789734,
    0.0001107056305045262,
    0.00011296129378024489,
    0.00010967600246658549,
    0.00010994795593433082,
    0.00010939902858808637,
    0.000109034517663531,
    0.00010754213144537061,
    0.00011031543544959277,
    0.00010779101285152137,
    0.00010966163972625509,
    0.00010731494694482535,
    0.00010744828614406288,
    0.00010782189929159358,
    0.00010866887168958783,
    0.000108628228190355,
    0.00010670162009773776,
    0.00010690443014027551,
    0.00010606076830299571,
    0.00010822612239280716,
    0.00010727056360337883,
    0.00010722910519689322,
    0.00010587510041659698,
    0.00010619558452162892,
    0.00010723686864366755,
    0.0001068109559128061,
    0.00010678228863980621,
    0.0001066350014298223
  ],
  "translation_error": [
    0.2351674735546112,
    0.0640912875533104,
    0.030203867703676224,
    0.020088734105229378,
    0.016168862581253052,
    0.014366216026246548,
    0.012614322826266289,
    0.011117266491055489,
    0.010878981091082096,
    0.01004190742969513,
    0.009590289555490017,
    0.009138182736933231,
    0.00884921383112669,
    0.008453493937849998,
    0.008158301934599876,
    0.007847500964999199,
    0.007744467351585627,
    0.007906644605100155,
    0.00747103663161397,
    0.007383337710052729,
    0.007232374511659145,
    0.007193687371909618,
    0.006979017984122038,
    0.007045462727546692,
    0.007403619587421417,
    0.007109480910003185,
    0.007000449579209089,
    0.006926785223186016,
    0.007115811109542847,
    0.0068643721751868725,
    0.006871508900076151,
    0.006706546060740948,
    0.006840909831225872,
    0.006635993253439665,
    0.006752504501491785,
    0.006738383788615465,
    0.0066855489276349545,
    0.006599695887416601,
    0.006375734694302082,
    0.006695983000099659,
    0.006460246630012989,
    0.006678266916424036,
    0.006674948148429394,
    0.006487313192337751,
    0.006528477184474468,
    0.006591250654309988,
    0.006716161500662565,
    0.006486303173005581,
    0.0065501234494149685,
    0.0065302737057209015
  ],
  "rotation_error": [
    0.20513951778411865,
    0.0596126914024353,
    0.029189029708504677,
    0.021086392924189568,
    0.018214596435427666,
    0.016338685527443886,
    0.014686544425785542,
    0.014413387514650822,
    0.013465352356433868,
    0.013052829541265965,
    0.012549332343041897,
    0.012526050209999084,
    0.011948236264288425,
    0.011669354513287544,
    0.011454904451966286,
    0.011488648131489754,
    0.011207531206309795,
    0.011277751997113228,
    0.011002839542925358,
    0.010875950567424297,
    0.010781901888549328,
    0.010591858997941017,
    0.01052159909158945,
    0.01081895176321268,
    0.010866625234484673,
    0.010674159042537212,
    0.010522723197937012,
    0.010587348602712154,
    0.010620313696563244,
    0.010396975092589855,
    0.010575218126177788,
    0.010327598080039024,
    0.010323219932615757,
    0.010423119179904461,
    0.010139512829482555,
    0.010228447616100311,
    0.010293667204678059,
    0.010315939784049988,
    0.01023507583886385,
    0.010214193724095821,
    0.010115189477801323,
    0.010332746431231499,
    0.010347667150199413,
    0.010385300032794476,
    0.010066921822726727,
    0.01013694703578949,
    0.010199667885899544,
    0.010151674039661884,
    0.010236651636660099,
    0.01019260473549366
  ],
  "translation_rmse": [
    0.16562485694885254,
    0.04553266987204552,
    0.0212419293820858,
    0.014050698839128017,
    0.011531931348145008,
    0.010206306353211403,
    0.009233691729605198,
    0.008073942735791206,
    0.00769441295415163,
    0.007168781012296677,
    0.007016962859779596,
    0.006540592759847641,
    0.006260374095290899,
    0.006075922399759293,
    0.0059221968986094,
    0.00557206105440855,
    0.005447539035230875,
    0.005697210785001516,
    0.005268803332000971,
    0.0052056689746677876,
    0.005079659167677164,
    0.005064364988356829,
    0.004920597188174725,
    0.004991945810616016,
    0.005232866387814283,
    0.005067485384643078,
    0.004950788803398609,
    0.004835271276533604,
    0.005014983471482992,
    0.004862805362790823,
    0.00483152037486434,
    0.004677086602896452,
    0.004876109771430492,
    0.004651492927223444,
    0.004800774157047272,
    0.004780877847224474,
    0.004739266820251942,
    0.00467919185757637,
    0.004508433397859335,
    0.004724825266748667,
    0.004479245748370886,
    0.004712192807346582,
    0.004628423601388931,
    0.004620746243745089,
    0.0045549506321549416,
    0.004685141146183014,
    0.004739102907478809,
    0.004559090826660395,
    0.00468822568655014,
    0.004613029770553112
  ],
  "rotation_rmse": [
    0.14494922757148743,
    0.04274272546172142,
    0.021871699020266533,
    0.01668344810605049,
    0.014948690310120583,
    0.013605153188109398,
    0.012566040270030499,
    0.011781519278883934,
    0.011656155809760094,
    0.011331954039633274,
    0.011219612322747707,
    0.011102194897830486,
    0.010607372038066387,
    0.01057596318423748,
    0.010387069545686245,
    0.010465413331985474,
    0.010209898464381695,
    0.010261750780045986,
    0.01003534160554409,
    0.010062912479043007,
    0.010053301230072975,
    0.00994590763002634,
    0.00920488964766264,
    0.010145975276827812,
    0.010077382437884808,
    0.01005252543836832,
    0.009796878322958946,
    0.009188621304929256,
    0.010025407187640667,
    0.009185162372887135,
    0.009902051649987698,
    0.009720333851873875,
    0.009813605807721615,
    0.00981742050498724,
    0.009777876548469067,
    0.00974334217607975,
    0.009784497320652008,
    0.009774086065590382,
    0.009756366722285748,
    0.009691200219094753,
    0.009603649377822876,
    0.00973451416939497,
    0.00973245408385992,
    0.009823055937886238,
    0.009505105204880238,
    0.009653938934206963,
    0.0094646280631423,
    0.00960308313369751,
    0.009669088758528233,
    0.009672285057604313
  ],