{
  "tum_range": {
    "x": [
      -6.731237310325746,
      8.30478703121583
    ],
    "y": [
      -1.8896624794819543,
      2.606232660415393
    ],
    "z": [
      -1.070471569866974,
      -0.61567974784891
    ]
  },
  "reconstruction_error": {
    "mean": 1.260151435880912,
    "max": 1.3165286861410577,
    "final": 1.3165286861410577
  }
}