{
  "analysis_info": {
    "timestamp": "2025-07-31T02:25:13.226038",
    "model_checkpoint": "checkpoints/test_4cam_seq2_vision/best_model.pth",
    "dataset_samples": 49,
    "model_parameters": 64986114
  },
  "trajectory_metrics": {
    "trajectory_length_m": 0.24736949152982196,
    "final_position_error_m": 0.45069602090718597,
    "final_rotation_error_rad": 0.19997297181182452,
    "final_rotation_error_deg": 11.457607301506124,
    "relative_drift_percent": 182.19547532717942,
    "mean_position_error_m": 0.2199798259660332,
    "max_position_error_m": 0.45069602090718597,
    "mean_rotation_error_rad": 0.09447285141735078,
    "mean_rotation_error_deg": 5.4128956647807165,
    "rmse_position_m": 0.27250133830654993,
    "rmse_rotation_rad": 0.11644340949188611
  },
  "model_config": {
    "img_size": 224,
    "patch_size": 16,
    "d_model": 768,
    "num_heads": 1,
    "num_layers": 6,
    "max_cameras": 4,
    "max_seq_len": 2,
    "dropout": 0.1,
    "use_imu": false,
    "use_pressure": false,
    "uncertainty_estimation": true
  }
}