{
  "test_data": "bag4_completely_unseen",
  "num_test_samples": 999,
  "per_frame": {
    "translation_error_mean": 0.08595717698335648,
    "translation_error_std": 0.020036587491631508,
    "translation_error_median": 0.08629357069730759,
    "rotation_error_mean": 0.008890296332538128,
    "rotation_error_std": 0.006248078774660826,
    "rotation_error_median": 0.00790424831211567
  },
  "trajectory": {
    "ate_rmse": 55.02752314616097,
    "ate_mean": 46.85152798332513,
    "ate_std": 28.86109196182611,
    "rpe_trans_mean": 0.08595717698335648,
    "rpe_trans_std": 0.020036587491631508,
    "rpe_rot_mean": 0.4846133414249672,
    "rpe_rot_std": 0.4662465413511273
  }
}