{
  "dataset": {
    "total_frames": 1095,
    "duration_seconds": 109.5,
    "total_distance_meters": 19.707859942653634,
    "average_speed_mps": 0.17998045609729346
  },
  "frame_accuracy": {
    "translation_error_mm": {
      "mean": 6.087526213377714,
      "std": 4.617671482264996,
      "max": 62.50392645597458,
      "min": 0.2756747999228537
    },
    "rotation_error_deg": {
      "mean": 0.6747885346412659,
      "std": 2.841831684112549,
      "max": 62.45271301269531,
      "min": 0.02172999642789364
    }
  },
  "trajectory_accuracy": {
    "ate_meters": 2.2791796558510935,
    "ate_std_meters": 1.0056102097342365,
    "final_position_error_meters": 4.4266569384915915,
    "drift_percentage": 22.461378106868914,
    "error_per_meter": 0.22461378106868912
  }
}