{
  "loss": [
    0.05119795352220535,
    0.0014257925795391202,
    0.00044724458712153137,
    0.0002505398588255048,
    0.0001950798323377967,
    0.0001741365558700636,
    0.00014744015061296523,
    0.00013453759311232716,
    0.00013006760855205357,
    0.00012431724462658167,
    0.00013087046681903303,
    0.00012403115397319198,
    0.00012334664643276483,
    0.00011860318045364693,
    0.00011776486644521356,
    0.00011771896970458329,
    0.00011586898472160101,
    0.00011270782124483958,
    0.00011218577856197953,
    0.00011494493810459971,
    0.00011228011135244742,
    0.00011516951053636149,
    0.00011165282194269821,
    0.00011173292296007276,
    0.0001114306433009915,
    0.00011115764937130734,
    0.00011148822522955015,
    0.00011045298742828891,
    0.00011204553447896615,
    0.00011255904246354476,
    0.00011031388567062095
  ],
  "val_loss": [
    0.006382841616868973,
    0.005485132802277803,
    0.010084966197609901,
    0.007312225177884102,
    0.006563330069184303,
    0.004099102690815926,
    0.0034778695553541183,
    0.0023041917011141777,
    0.0020422593224793673,
    0.002609223360195756,
    0.0019771079532802105,
    0.0019802080933004618,
    0.0025386307388544083,
    0.002443999983370304,
    0.0019734289962798357,
    0.0019573660101741552,
    0.0019738536793738604,
    0.001973038073629141,
    0.0019747524056583643,
    0.0019748436752706766,
    0.0019736336544156075,
    0.0020752239506691694,
    0.0020886599086225033,
    0.001979109365493059,
    0.0019711744971573353,
    0.001975148217752576,
    0.0019729675259441137,
    0.001973526319488883,
    0.0019730746280401945,
    0.0019721209537237883,
    0.001970629906281829
  ],
  "lr": [
    